{
  "runs_per_scenario": 5,
  "scenario_count": 4,
  "sequence_metrics": {
    "precision": 0.18803418803418803,
    "recall": 0.37849462365591396,
    "f1": 0.251249107780157,
    "roc_auc": 0.7756584174337845,
    "pr_auc": 0.4327773878025678,
    "tn": 48720.0,
    "fp": 760.0,
    "fn": 289.0,
    "tp": 176.0,
    "false_positive_rate": 0.015359741309620048
  },
  "row_metrics": {
    "precision": 0.21413934426229508,
    "recall": 0.5573333333333333,
    "f1": 0.30940044411547,
    "tn": 58903.0,
    "fp": 767.0,
    "fn": 166.0,
    "tp": 209.0,
    "false_positive_rate": 0.012854030501089325
  },
  "per_scenario": {
    "normal": {
      "sequence_precision": 0.0,
      "sequence_recall": 0.0,
      "row_recall": 0.0,
      "detections_any_rate": 0.0
    },
    "teleportation": {
      "sequence_precision": 0.4863013698630137,
      "sequence_recall": 0.284,
      "row_recall": 0.4303030303030303,
      "detections_any_rate": 0.6
    },
    "gps_spoofing": {
      "sequence_precision": 0.3191489361702128,
      "sequence_recall": 0.4883720930232558,
      "row_recall": 0.593939393939394,
      "detections_any_rate": 1.0
    },
    "ghost_aircraft": {
      "sequence_precision": 0.0,
      "sequence_recall": 0.0,
      "row_recall": 0.8888888888888888,
      "detections_any_rate": 1.0
    }
  },
  "artifact_threshold": 2.210688591003418,
  "artifact_seq_len": 20,
  "artifact_impute_strategy": "knn",
  "artifact_smooth_window": 5
}